{"camera_angle_x": 0.6911111611634243, "sensor_width": 36, "camera_lens": 50, "env_texture": "city.exr", "scaling_factor": 1.0000032484636927, "rotation_euler": [0, 0, 0], "translation": [0.003860682249069214, 1.9669532775878906e-06, 1.2367963790893555e-06], "bbox_min": [-0.2907891395097124, -0.2798657782496683, -0.49999998509361276], "bbox_max": [0.2907891393373845, 0.27986577824973935, 0.4999999850936092], "transforms": [[[1.0, 0.0, -1.8369702788777518e-16, -3.2787869823671636e-16], [-1.8369702788777518e-16, 3.422854177870249e-08, -0.9999999403953552, -1.784888505935669], [0.0, 0.9999999403953552, 3.422854177870249e-08, 0.0], [0.0, 0.0, 0.0, 1.0]], [[0.8660253882408142, -0.2113090306520462, 0.4531539976596832, 0.8088291883468628], [0.5000000596046448, 0.36599811911582947, -0.7848855257034302, -1.4009331464767456], [-7.223459164151791e-08, 0.9063077569007874, 0.42261818051338196, 0.7543264627456665], [0.0, 0.0, 0.0, 1.0]], [[0.5000000596046448, -3.650023927548318e-08, 0.8660253286361694, 1.5457587242126465], [0.8660253286361694, 9.997044969622948e-08, -0.4999999403953552, -0.8924442529678345], [3.650023927548318e-08, 0.9999998807907104, 1.4211728682766989e-07, 0.0], [0.0, 0.0, 0.0, 1.0]], [[1.1935468080537248e-07, 0.42261821031570435, 0.9063076972961426, 1.6176583766937256], [0.9999998807907104, 1.1935468080537248e-07, 0.0, 0.0], [0.0, 0.9063076972961426, -0.4226180911064148, -0.7543264627456665], [0.0, 0.0, 0.0, 1.0]], [[-0.4999998211860657, 3.650023927548318e-08, 0.8660253286361694, 1.5457587242126465], [0.8660253286361694, 9.997044969622948e-08, 0.4999999403953552, 0.8924442529678345], [3.650023927548318e-08, 0.9999998807907104, 9.997044969622948e-08, 0.0], [0.0, 0.0, 0.0, 1.0]], [[-0.8660249710083008, -0.21130919456481934, 0.4531537890434265, 0.8088291883468628], [0.4999999403953552, -0.36599791049957275, 0.7848853468894958, 1.4009331464767456], [-6.11391399729655e-08, 0.9063075184822083, 0.42261847853660583, 0.7543264627456665], [0.0, 0.0, 0.0, 1.0]], [[-0.9999999403953552, 8.742277657347586e-08, 0.0, 1.0929289941223879e-16], [0.0, 3.4228538225988814e-08, 0.9999999403953552, 1.784888505935669], [8.742277657347586e-08, 0.9999999403953552, 3.4228538225988814e-08, 0.0], [0.0, 0.0, 0.0, 1.0]], [[-0.8660250902175903, -0.21130912005901337, -0.45315369963645935, -0.8088291883468628], [-0.4999998211860657, 0.3659982681274414, 0.7848854660987854, 1.4009331464767456], [-7.38493568519516e-08, 0.9063076376914978, -0.42261803150177, -0.7543264627456665], [0.0, 0.0, 0.0, 1.0]], [[-0.4999998211860657, -3.650023927548318e-08, -0.8660253286361694, -1.5457587242126465], [-0.8660253286361694, 9.997044969622948e-08, 0.4999999403953552, 0.8924442529678345], [-3.650023927548318e-08, 0.9999998807907104, 9.997044969622948e-08, 0.0], [0.0, 0.0, 0.0, 1.0]], [[7.40637133844757e-08, 0.4226182699203491, -0.9063077569007874, -1.6176583766937256], [-1.0, 1.1935468080537248e-07, -9.744677953449354e-09, 1.981060112326365e-16], [8.083726044105788e-08, 0.9063077569007874, 0.4226182997226715, 0.7543264627456665], [0.0, 0.0, 0.0, 1.0]], [[0.5000000596046448, 3.650023927548318e-08, -0.8660253286361694, -1.5457587242126465], [-0.8660253286361694, 9.997044969622948e-08, -0.4999999403953552, -0.8924442529678345], [-3.650023927548318e-08, 0.9999998807907104, 1.4211728682766989e-07, 0.0], [0.0, 0.0, 0.0, 1.0]], [[0.8660253286361694, -0.21130922436714172, -0.45315396785736084, -0.8088291883468628], [-0.5000001192092896, -0.36599814891815186, -0.7848854660987854, -1.4009331464767456], [1.9870377343522705e-08, 0.9063077569007874, -0.4226182997226715, -0.7543264627456665], [0.0, 0.0, 0.0, 1.0]]]}