{"camera_angle_x": 0.6911111611634243, "sensor_width": 36, "camera_lens": 50, "env_texture": "city.exr", "scaling_factor": 0.9999965429425544, "rotation_euler": [0, 0, 0], "translation": [2.5704503059387207e-06, -2.6151537895202637e-06, -1.7881393432617188e-06], "bbox_min": [-0.22479056341063597, -0.22479057831171012, -0.49999999999406697], "bbox_max": [0.22479056341067327, 0.22479057831181848, 0.4999999999939817], "transforms": [[[1.0, 1.871696033254608e-23, -1.8369701465288538e-16, -3.0233697557763457e-16], [-1.8369701465288538e-16, 3.422854177870249e-08, -0.9999999403953552, -1.645845890045166], [-1.871696033254608e-23, 0.9999999403953552, 3.422854177870249e-08, 0.0], [0.0, 0.0, 0.0, 1.0]], [[0.8660253882408142, -0.2113090604543686, 0.45315393805503845, 0.745821475982666], [0.5, 0.36599811911582947, -0.7848855257034302, -1.291800618171692], [-2.3677461769011643e-08, 0.9063077569007874, 0.42261821031570435, 0.6955645084381104], [0.0, 0.0, 0.0, 1.0]], [[0.4999999403953552, 0.0, 0.8660253882408142, 1.4253443479537964], [0.8660253882408142, 5.782359835393436e-08, -0.49999988079071045, -0.822922945022583], [0.0, 0.9999999403953552, 5.782359835393436e-08, 0.0], [0.0, 0.0, 0.0, 1.0]], [[1.1935468080537248e-07, 0.42261821031570435, 0.9063076972961426, 1.491642951965332], [0.9999998807907104, 1.1935468080537248e-07, 0.0, 0.0], [0.0, 0.9063076972961426, -0.4226180911064148, -0.6955645084381104], [0.0, 0.0, 0.0, 1.0]], [[-0.5000001192092896, 6.170727573362456e-08, 0.866025447845459, 1.4253443479537964], [0.866025447845459, -2.7632520982479036e-07, 0.5000000596046448, 0.822922945022583], [2.3029467399737769e-07, 1.0, 1.5676745235282397e-08, 0.0], [0.0, 0.0, 0.0, 1.0]], [[-0.8660253882408142, -0.2113092839717865, 0.4531538188457489, 0.745821475982666], [0.5, -0.3659982979297638, 0.7848854660987854, 1.291800618171692], [-4.345100990121864e-08, 0.9063076972961426, 0.42261847853660583, 0.6955645084381104], [0.0, 0.0, 0.0, 1.0]], [[-0.9999999403953552, 8.742277657347586e-08, 0.0, 1.0077899406502649e-16], [0.0, 3.4228538225988814e-08, 0.9999999403953552, 1.645845890045166], [8.742277657347586e-08, 0.9999999403953552, 3.4228538225988814e-08, 0.0], [0.0, 0.0, 0.0, 1.0]], [[-0.8660256266593933, -0.21130910515785217, -0.45315393805503845, -0.745821475982666], [-0.5, 0.36599811911582947, 0.7848856449127197, 1.291800618171692], [4.802134512260636e-08, 0.9063078761100769, -0.42261841893196106, -0.6955645084381104], [0.0, 0.0, 0.0, 1.0]], [[-0.5000001192092896, -6.170727573362456e-08, -0.866025447845459, -1.4253443479537964], [-0.866025447845459, -2.7632520982479036e-07, 0.5000000596046448, 0.822922945022583], [-2.3029467399737769e-07, 1.0, 1.5676745235282397e-08, 0.0], [0.0, 0.0, 0.0, 1.0]], [[7.40637133844757e-08, 0.4226182699203491, -0.9063077569007874, -1.491642951965332], [-1.0, 1.1935468080537248e-07, -9.744677953449354e-09, 1.8267357385947557e-16], [8.083726044105788e-08, 0.9063077569007874, 0.4226182997226715, 0.6955645084381104], [0.0, 0.0, 0.0, 1.0]], [[0.4999999403953552, 0.0, -0.8660253882408142, -1.4253443479537964], [-0.8660253882408142, 5.782359835393436e-08, -0.49999988079071045, -0.822922945022583], [0.0, 0.9999999403953552, 5.782359835393436e-08, 0.0], [0.0, 0.0, 0.0, 1.0]], [[0.8660253882408142, -0.21130912005901337, -0.45315390825271606, -0.745821475982666], [-0.5, -0.36599814891815186, -0.7848854660987854, -1.291800618171692], [-4.199823422368354e-08, 0.9063077569007874, -0.42261824011802673, -0.6955645084381104], [0.0, 0.0, 0.0, 1.0]]]}