{"camera_angle_x": 0.6911111611634243, "sensor_width": 36, "camera_lens": 50, "env_texture": "city.exr", "scaling_factor": 1.000000894070471, "rotation_euler": [0, 0, 0], "translation": [-2.980232238769531e-07, 5.811452865600586e-07, 2.682209014892578e-07], "bbox_min": [-0.1425824034998584, -0.4762923640412282, -0.5000000298018961], "bbox_max": [0.1425824034998584, 0.47629236404125663, 0.5000000298018961], "transforms": [[[1.0, 0.0, -1.8369702788777518e-16, -3.5979759960677777e-16], [-1.8369702788777518e-16, 3.422854177870249e-08, -0.9999999403953552, -1.9586468935012817], [0.0, 0.9999999403953552, 3.422854177870249e-08, 0.0], [0.0, 0.0, 0.0, 1.0]], [[0.866025447845459, -0.2113090306520462, 0.4531538784503937, 0.887568473815918], [0.4999999403953552, 0.36599811911582947, -0.7848855257034302, -1.53731369972229], [-3.033320439271847e-08, 0.9063077569007874, 0.42261821031570435, 0.8277599811553955], [0.0, 0.0, 0.0, 1.0]], [[0.5000000596046448, 3.650023927548318e-08, 0.8660253286361694, 1.6962380409240723], [0.8660253286361694, 1.4211728682766989e-07, -0.4999999403953552, -0.9793234467506409], [-3.650023927548318e-08, 0.9999998807907104, 9.997044969622948e-08, 0.0], [0.0, 0.0, 0.0, 1.0]], [[1.1935468080537248e-07, 0.4226182997226715, 0.9063076972961426, 1.775136947631836], [0.9999999403953552, -2.2830484169844567e-08, -4.529096742089678e-08, 0.0], [4.529096742089678e-08, 0.9063076972961426, -0.42261824011802673, -0.8277599811553955], [0.0, 0.0, 0.0, 1.0]], [[-0.4999998211860657, 1.4600095710193273e-07, 0.8660253882408142, 1.6962380409240723], [0.8660253882408142, -2.6470111436083243e-08, 0.49999988079071045, 0.9793234467506409], [1.4600095710193273e-07, 0.9999999403953552, -2.6470111436083243e-08, 0.0], [0.0, 0.0, 0.0, 1.0]], [[-0.8660252094268799, -0.2113092690706253, 0.4531538188457489, 0.887568473815918], [0.5, -0.36599811911582947, 0.7848854064941406, 1.53731369972229], [-7.549580516297283e-08, 0.9063076376914978, 0.42261847853660583, 0.8277599811553955], [0.0, 0.0, 0.0, 1.0]], [[-0.9999999403953552, 8.742277657347586e-08, 0.0, 1.1993253320225926e-16], [0.0, 3.4228538225988814e-08, 0.9999999403953552, 1.9586468935012817], [8.742277657347586e-08, 0.9999999403953552, 3.4228538225988814e-08, 0.0], [0.0, 0.0, 0.0, 1.0]], [[-0.8660252690315247, -0.211309015750885, -0.4531537890434265, -0.887568473815918], [-0.49999988079071045, 0.36599814891815186, 0.784885585308075, 1.53731369972229], [1.2710380303815327e-08, 0.9063077569007874, -0.42261800169944763, -0.8277599811553955], [0.0, 0.0, 0.0, 1.0]], [[-0.4999998211860657, -1.4600095710193273e-07, -0.8660253882408142, -1.6962380409240723], [-0.8660253882408142, -2.6470111436083243e-08, 0.49999988079071045, 0.9793234467506409], [-1.4600095710193273e-07, 0.9999999403953552, -2.6470111436083243e-08, 0.0], [0.0, 0.0, 0.0, 1.0]], [[-6.812145159074134e-08, 0.4226183295249939, -0.9063078165054321, -1.775136947631836], [-1.0, -2.2830484169844567e-08, 3.55462930201611e-08, 2.1739157501307762e-16], [3.55462930201611e-08, 0.9063078165054321, 0.4226182997226715, 0.8277599811553955], [0.0, 0.0, 0.0, 1.0]], [[0.5000000596046448, -3.650023927548318e-08, -0.8660253286361694, -1.6962380409240723], [-0.8660253286361694, 1.4211728682766989e-07, -0.4999999403953552, -0.9793234467506409], [3.650023927548318e-08, 0.9999998807907104, 9.997044969622948e-08, 0.0], [0.0, 0.0, 0.0, 1.0]], [[0.866025447845459, -0.2113090604543686, -0.4531538188457489, -0.887568473815918], [-0.49999991059303284, -0.36599794030189514, -0.7848854660987854, -1.53731369972229], [-3.207632559565354e-08, 0.9063076376914978, -0.42261803150177, -0.8277599811553955], [0.0, 0.0, 0.0, 1.0]]]}