{
  "camera_angle_x": 0.6911111611634243,
  "sensor_width": 36,
  "camera_lens": 50,
  "env_texture": "city.exr",
  "scaling_factor": 1.0000056028680009,
  "rotation_euler": [
    0,
    0,
    0
  ],
  "translation": [
    -1.169741153717041e-06,
    -0.0,
    -2.8014183044433594e-06
  ],
  "bbox_min": [
    -0.23636712690509043,
    -0.2753362584986263,
    -0.499999999984297
  ],
  "bbox_max": [
    0.2363671269050105,
    0.2753362584986263,
    0.4999999999843112
  ],
  "transforms": [
    [
      [
        1.0,
        1.871696033254608e-23,
        -1.8369701465288538e-16,
        -3.152455724053329e-16
      ],
      [
        -1.8369701465288538e-16,
        3.422854177870249e-08,
        -0.9999999403953552,
        -1.716117024421692
      ],
      [
        -1.871696033254608e-23,
        0.9999999403953552,
        3.422854177870249e-08,
        0.0
      ],
      [
        0.0,
        0.0,
        0.0,
        1.0
      ]
    ],
    [
      [
        0.866025447845459,
        -0.2113090306520462,
        0.4531538486480713,
        0.7776651382446289
      ],
      [
        0.49999991059303284,
        0.36599814891815186,
        -0.7848855257034302,
        -1.3469555377960205
      ],
      [
        -2.15217923482669e-08,
        0.9063077569007874,
        0.42261821031570435,
        0.7252624034881592
      ],
      [
        0.0,
        0.0,
        0.0,
        1.0
      ]
    ],
    [
      [
        0.4999999403953552,
        0.0,
        0.8660253882408142,
        1.4862009286880493
      ],
      [
        0.8660253882408142,
        5.782359835393436e-08,
        -0.49999988079071045,
        -0.858058512210846
      ],
      [
        0.0,
        0.9999999403953552,
        5.782359835393436e-08,
        0.0
      ],
      [
        0.0,
        0.0,
        0.0,
        1.0
      ]
    ],
    [
      [
        1.1935468080537248e-07,
        0.42261815071105957,
        0.9063076376914978,
        1.5553302764892578
      ],
      [
        0.9999998211860657,
        2.6153983867516217e-07,
        4.529096742089678e-08,
        0.0
      ],
      [
        -4.529096742089678e-08,
        0.9063076376914978,
        -0.42261794209480286,
        -0.7252624034881592
      ],
      [
        0.0,
        0.0,
        0.0,
        1.0
      ]
    ],
    [
      [
        -0.5000001192092896,
        6.170727573362456e-08,
        0.866025447845459,
        1.4862009286880493
      ],
      [
        0.866025447845459,
        -2.7632520982479036e-07,
        0.5000000596046448,
        0.858058512210846
      ],
      [
        2.3029467399737769e-07,
        1.0,
        1.5676745235282397e-08,
        0.0
      ],
      [
        0.0,
        0.0,
        0.0,
        1.0
      ]
    ],
    [
      [
        -0.8660249710083008,
        -0.21130923926830292,
        0.4531538486480713,
        0.7776651382446289
      ],
      [
        0.5,
        -0.36599794030189514,
        0.7848853468894958,
        1.3469555377960205
      ],
      [
        -6.779487904395864e-08,
        0.906307578086853,
        0.42261847853660583,
        0.7252624034881592
      ],
      [
        0.0,
        0.0,
        0.0,
        1.0
      ]
    ],
    [
      [
        -0.9999999403953552,
        8.742277657347586e-08,
        0.0,
        1.0508186188007423e-16
      ],
      [
        0.0,
        3.4228538225988814e-08,
        0.9999999403953552,
        1.716117024421692
      ],
      [
        8.742277657347586e-08,
        0.9999999403953552,
        3.4228538225988814e-08,
        0.0
      ],
      [
        0.0,
        0.0,
        0.0,
        1.0
      ]
    ],
    [
      [
        -0.8660252690315247,
        -0.21130898594856262,
        -0.4531537890434265,
        -0.7776651382446289
      ],
      [
        -0.49999985098838806,
        0.36599817872047424,
        0.784885585308075,
        1.3469555377960205
      ],
      [
        2.8177534971973728e-08,
        0.9063077569007874,
        -0.42261800169944763,
        -0.7252624034881592
      ],
      [
        0.0,
        0.0,
        0.0,
        1.0
      ]
    ],
    [
      [
        -0.5000001192092896,
        -6.170727573362456e-08,
        -0.866025447845459,
        -1.4862009286880493
      ],
      [
        -0.866025447845459,
        -2.7632520982479036e-07,
        0.5000000596046448,
        0.858058512210846
      ],
      [
        -2.3029467399737769e-07,
        1.0,
        1.5676745235282397e-08,
        0.0
      ],
      [
        0.0,
        0.0,
        0.0,
        1.0
      ]
    ],
    [
      [
        2.1624886414883804e-07,
        0.42261821031570435,
        -0.9063076972961426,
        -1.5553302764892578
      ],
      [
        -0.9999998807907104,
        2.6153983867516217e-07,
        -5.503564892705981e-08,
        1.9047301353312376e-16
      ],
      [
        1.2612822786195466e-07,
        0.9063076972961426,
        0.4226182997226715,
        0.7252624034881592
      ],
      [
        0.0,
        0.0,
        0.0,
        1.0
      ]
    ],
    [
      [
        0.4999999403953552,
        0.0,
        -0.8660253882408142,
        -1.4862009286880493
      ],
      [
        -0.8660253882408142,
        5.782359835393436e-08,
        -0.49999988079071045,
        -0.858058512210846
      ],
      [
        0.0,
        0.9999999403953552,
        5.782359835393436e-08,
        0.0
      ],
      [
        0.0,
        0.0,
        0.0,
        1.0
      ]
    ],
    [
      [
        0.8660253882408142,
        -0.21130913496017456,
        -0.4531538486480713,
        -0.7776651382446289
      ],
      [
        -0.4999999403953552,
        -0.36599794030189514,
        -0.7848854660987854,
        -1.3469555377960205
      ],
      [
        2.313654690055955e-08,
        0.9063076376914978,
        -0.4226180613040924,
        -0.7252624034881592
      ],
      [
        0.0,
        0.0,
        0.0,
        1.0
      ]
    ]
  ]
}